Actor,Movie_Count,Avg_IMDb_Rating
Aamir Bashir,1,8.1
Aamir Khan,8,8.2375
Aaron Eckhart,1,9.0
Aaron Taylor-Johnson,1,7.6
Abdel Ahmed Ghili,1,8.1
Abhay Deol,2,8.05
Abigail Breslin,1,7.6
Abraham Attah,1,7.7
Adam Baldwin,1,8.3
Adam Driver,1,7.9
Adel Bencherif,1,7.9
Adesh Prasad,1,8.3
Adil Hussain,2,7.85
Adolphe Menjou,1,8.4
Adrian Molina,1,8.4
Adrien Brody,3,8.1
Adèle Exarchopoulos,1,7.7
Adèle Haenel,1,8.1
Agnes Moorehead,1,8.3
Ahmet Mümtaz Taylan,1,7.9
Ahna Capri,1,7.7
Ahney Her,1,8.1
Aidan Gillen,1,7.9
Aitana Sánchez-Gijón,1,7.7
Ajay Devgn,1,8.2
Ajay Naidu,1,7.7
Akemi Yamaguchi,1,8.5
Aki Maeda,1,7.6
Akihiro Miwa,1,8.2
Akio Ôtsuka,1,8.0
Akira Ishihama,1,8.6
Akira Terao,1,8.2
Akshay Kumar,5,8.059999999999999
Akshaye Khanna,1,8.1
Al Ernest Garcia,1,8.1
Al Pacino,13,8.076923076923077
Alain Delon,1,8.1
Alakina Mann,1,7.6
Alan Alda,1,7.6
Alan Arkin,3,7.733333333333333
Alan Badel,1,7.8
Alan Mak,1,8.0
Alan Randolph Scott,1,7.8
Alan Rickman,1,8.2
Alan Ruck,1,7.8
Alan Tudyk,2,7.8
Albert Brooks,3,8.066666666666666
Albert Finney,2,7.85
Albert Rémy,1,8.1
Alberto Ammann,1,7.6
Aldo Giuffrè,1,8.8
Aldo Silvani,1,8.0
Alec Baldwin,1,7.7
Alec Cawthorne,1,8.0
Alec Guinness,5,8.14
Alec Secareanu,1,7.7
Alejandro Jodorowsky,1,7.9
Aleksandr Antonov,1,8.0
Aleksandr Kaydanovskiy,1,8.2
Aleksey Kravchenko,1,8.3
Aleksey Rozin,1,7.6
Aleksey Serebryakov,1,7.6
Alex Palmer,1,7.6
Alex Sharp,1,7.8
Alexander Gould,1,8.1
Alexander Granach,1,7.9
Alexandra Maria Lara,3,8.0
Alexandre Rignault,1,7.7
Alexandre Rodrigues,1,8.6
Alexandre Tharaud,1,7.9
Alexandru Potocean,1,7.9
Alfred Abel,1,8.3
Ali Mosaffa,1,7.8
Alia Bhatt,2,7.8
Alicia Vikander,1,7.7
Alida Valli,2,7.9
Alisa Freyndlikh,1,8.2
Alison Crosbie,1,8.1
Alison Doody,1,8.2
Alison Whelan,1,7.9
Allen Garfield,1,7.8
Allen Leech,1,8.0
Allison Williams,1,7.7
Ally Sheedy,1,7.8
Altan Erkekli,1,8.0
America Ferrera,1,7.6
Amir Farrokh Hashemian,1,8.3
Amira Casar,1,7.9
Amit Sadh,1,7.7
Amitabh Bachchan,4,8.225
Amjad Khan,1,8.2
Amole Gupte,1,8.4
Amrish Puri,1,8.1
Amrita Puri,1,7.7
Amy Adams,3,7.8999999999999995
Amy Poehler,2,7.85
Amy Ryan,2,7.65
Amy Smart,1,7.6
Ana López Mercado,1,7.6
Ana Wagener,1,8.1
Ana de Armas,2,7.95
Anamaria Marinca,1,7.9
Anand Gandhi,1,8.3
Ananda George,1,7.6
Anatoliy Solonitsyn,2,8.149999999999999
Andie MacDowell,2,7.85
Andrea Eckert,1,8.1
Andrea Riseborough,1,7.7
Andrea Tariang,1,8.1
Andreas Wilson,1,7.8
Andrew Adote,1,7.7
Andrew Garfield,2,7.9
Andrew Kevin Walker,1,8.6
Andrew Marton,1,7.8
Andrew Philpot,1,7.7
Andrew Robinson,1,7.7
Andrew Shim,1,7.7
André Berley,1,8.1
André Ramiro,2,8.0
André S. Labarthe,1,8.0
Andy Devine,1,7.8
Andy Garcia,1,7.6
Andy Lau,1,8.0
Andy Serkis,2,7.699999999999999
Angela Bassett,1,7.7
Angela Lansbury,1,7.9
Angelina Jolie,1,7.7
Angie Dickinson,1,8.0
Angus Macfadyen,1,8.3
Anil Dhawan,1,8.3
Anita Ekberg,1,8.0
Anjelica Huston,1,7.6
Ann Dvorak,1,7.8
Ann Owens,1,7.6
Ann Reinking,1,7.9
Anna Faris,1,7.7
Anna Foglietta,1,7.8
Anna Karina,1,8.0
Anna Kendrick,2,7.6
Anna Massey,1,7.7
Annalise Basso,1,7.9
Anne Bancroft,2,8.05
Anne Baxter,2,8.05
Anne Dorval,1,8.1
Anne Hathaway,3,8.200000000000001
Anne Le Ny,1,8.5
Anne-Marie Duff,1,7.7
Annette Bening,1,8.3
Annie Corley,1,7.6
Annie Potts,1,7.8
Annika Wedderkopp,1,8.3
Annu Kapoor,1,7.8
Anouk Aimée,2,8.0
Ansel Elgort,2,7.65
Ansiba,1,8.3
Anthony Chau-Sang Wong,1,8.0
Anthony Edwards,2,7.7
Anthony Gonzalez,1,8.4
Anthony Hopkins,5,8.040000000000001
Anthony Michael Hall,1,7.9
Anthony Perkins,1,8.5
Anthony Quinn,3,8.166666666666666
Antoine Olivier Pilon,1,8.1
Anton Walbrook,1,8.1
Antonella Attili,1,8.5
Antonia San Juan,1,7.8
Antonio Banderas,1,7.6
Antonio Resines,1,7.6
Anupam Kher,3,7.966666666666666
Anushka Sharma,1,8.1
Anushka Shetty,1,8.2
Aoi Miyazaki,1,8.1
Aoi Yûki,2,8.25
Aparna Balamurali,1,8.6
Aras Bulut Iynemli,1,8.3
Archana Jois,1,8.2
Ariadna Gil,1,8.2
Ariane Labed,1,7.9
Arifin Putra,1,8.0
Armando Brancia,1,7.9
Armie Hammer,1,7.9
Armin Mueller-Stahl,2,7.65
Arno Frisch,1,7.6
Arnold Lucy,1,8.0
Arnold Schwarzenegger,3,8.1
Arshad Warsi,2,8.1
Art LaFleur,1,7.8
Art Malik,1,8.2
Art Parkinson,1,7.8
Arthur O'Connell,1,8.0
Arthur Rosson,1,7.8
Artyom Bogucharskiy,1,7.8
Asa Butterfield,1,7.8
Asaka Seto,1,7.7
Ash Brannon,1,7.9
Asha Sharath,1,8.3
Ashton Kutcher,1,7.6
Atsuko Tanaka,1,8.0
Audrey Hepburn,6,7.8
Audrey Tautou,2,7.95
Auli'i Cravalho,1,7.6
Aura Garrido,1,7.6
Aurore Clément,1,8.1
Aurélien Recoing,1,7.7
Aya Okamoto,1,7.8
Ayami Kakiuchi,1,7.7
Ayano Shiraishi,1,8.5
Ayberk Pekcan,1,8.1
Ayesha Kapoor,1,8.2
Ayushmann Khurrana,3,8.033333333333333
Azhy Robertson,1,7.9
BD Wong,1,7.6
Babak Karimi,1,7.8
Bae Doona,1,7.6
Bahar Pars,1,7.7
Bahare Seddiqi,1,8.3
Bajram Severdzan,1,8.1
Baki Davrak,1,7.8
Barbara Bel Geddes,1,8.3
Barbara Hershey,2,7.75
Barbara Stanwyck,1,8.3
Baris Bagci,1,8.0
Barkhad Abdi,1,7.8
Barkhad Abdirahman,1,7.8
Barry Bostwick,1,7.8
Barry Cook,1,7.6
Barry Fitzgerald,1,7.7
Barry Humphries,1,8.1
Barry Keoghan,1,7.8
Barry Pepper,1,7.6
Basil Rathbone,1,7.9
Beau Billingslea,1,7.9
Bee Vang,1,8.1
Belén Rueda,2,7.8
Ben Affleck,3,8.033333333333333
Ben Burtt,1,8.4
Ben Foster,2,7.65
Ben Gazzara,1,8.0
Ben Hardy,1,8.0
Ben Johnson,1,8.0
Ben Kingsley,4,8.2
Ben Stiller,1,7.6
Ben Whishaw,1,7.8
Benedict Cumberbatch,2,7.85
Bengt Ekerot,1,8.2
Benicio Del Toro,4,7.775
Benjamin Bratt,2,8.2
Benno Fürmann,1,7.7
Benoît Régent,1,7.9
Bernard-Pierre Donnadieu,1,7.7
Bernhard Wicki,1,7.8
Bertil Guve,1,8.1
Bette Davis,2,8.149999999999999
Beverly D'Angelo,1,8.5
Bibi Andersson,2,8.149999999999999
Biff McGuire,1,7.7
Bill Bernstein,1,7.9
Bill Hader,1,8.1
Bill McKinney,2,7.75
Bill Murray,6,7.816666666666666
Bill Nighy,4,7.775
Bill Nunn,1,8.1
Bill Paxton,3,7.8
Bill Pullman,2,7.6
Bill Sage,1,7.6
Billy Bob Thornton,1,8.0
Billy Connolly,1,7.7
Billy Crudup,3,8.1
Billy Crystal,2,7.85
Billy Dee Williams,2,8.5
Billy Zane,1,7.8
Birgitta Pettersson,1,8.1
Birgitta Valberg,1,8.1
Birol Ünel,1,7.9
Björk,1,8.0
Bo Hopkins,1,7.6
Bob Balaban,1,7.9
Bob Geldof,1,8.1
Bob Gunton,1,9.3
Bob Hoskins,1,7.7
Bob Odenkirk,1,7.7
Bob Peterson,1,8.2
Bobby Cannavale,1,7.6
Bodil Rosing,1,8.1
Boluwatife Treasure Bankole,1,8.4
Boman Irani,2,8.1
Bonnie Bedelia,1,8.2
Bonnie Hunt,1,8.6
Bora Todorovic,1,8.2
Boris Karloff,2,7.8
Boyd Holbrook,1,8.1
Boyd Kirkland,1,7.8
Brad Davis,1,7.6
Brad Dourif,1,7.8
Brad Garrett,1,8.0
Brad Pitt,12,8.016666666666667
Bradley Cooper,4,7.75
Bradley Whitford,1,7.7
Brady Corbet,1,7.6
Brahim Hadjadj,1,8.1
Branka Katic,1,8.1
Branko Djuric,1,7.9
Brenda Blethyn,3,7.866666666666667
Brenda Fricker,1,7.9
Brendan Gleeson,4,7.875
Bria Vinaite,1,7.6
Brian Cox,1,7.7
Brian Dennehy,1,7.7
Brian Howe,1,8.0
Brian O'Halloran,1,7.7
Brian Tyler,1,7.6
Bridget Moynahan,1,7.6
Brie Larson,3,7.8999999999999995
Brigitte Helm,1,8.3
Brigitte Lin,1,8.1
Brooke Adams,1,7.8
Brooklynn Prince,1,7.6
Bruce Bennett,1,8.2
Bruce Cabot,1,7.9
Bruce Campbell,1,7.8
Bruce Davison,1,7.7
Bruce Dern,1,7.7
Bruce Lee,1,7.7
Bruce Reitherman,1,7.6
Bruce Spence,1,7.6
Bruce Willis,7,8.042857142857143
Bruno Ganz,2,8.1
Bruno Kirby,2,7.65
Bruno Zanin,1,7.9
Bryan Cranston,3,7.8
Bryce Dallas Howard,2,7.8
Bud Cort,1,7.9
Buddy Ebsen,1,7.6
Bulle Ogier,1,7.9
Bunshi Katsura Vi,1,7.7
Burak Yigit,1,7.6
Burl Ives,2,7.95
Burt Lancaster,3,7.933333333333333
Burt Reynolds,2,7.800000000000001
Burt Young,1,8.1
Buster Keaton,3,8.133333333333333
Buzz Kilman,1,7.7
Byron Barr,1,8.3
Byron Howard,1,7.7
Bárbara Lennie,1,8.1
Bérénice Bejo,2,7.85
Börje Ahlstedt,1,8.1
Cab Calloway,1,7.9
Caio Junqueira,1,8.0
Caitriona Balfe,1,8.1
Caleb Landry Jones,1,8.2
Callan McAuliffe,1,7.7
Cameron Diaz,2,7.75
Candela Peña,1,7.8
Carey Mulligan,1,7.8
Carice van Houten,1,7.7
Carl Benton Reid,1,8.0
Carl Miller,1,8.3
Carl Möhner,1,8.2
Carl Weathers,2,7.949999999999999
Carla Gugino,1,7.6
Carla Quevedo,1,8.2
Carlo Buccirosso,1,7.8
Carlo Verdone,1,7.8
Carlos Martínez López,1,8.2
Carlos Peralta,1,7.7
Carol Kane,1,8.0
Carole Lombard,1,8.2
Caroline Goodall,1,8.9
Carrie Fisher,4,8.3
Carrie Henn,1,8.3
Carrie-Anne Moss,2,8.55
Carroll Baker,1,7.6
Carroll O'Connor,1,7.6
Cary Elwes,3,7.8
Cary Grant,7,7.957142857142857
Cary-Hiroyuki Tagawa,1,8.1
Casey Affleck,2,7.699999999999999
Cate Blanchett,4,7.8
Catherine Deneuve,4,7.85
Catherine Keener,5,7.779999999999999
Catherine O'Hara,1,8.0
Cathy Moriarty,1,8.2
Cathy Rosier,1,8.1
Catinca Untaru,1,7.9
Cecil Parker,1,7.7
Cecilia Roth,1,7.8
Celeste Holm,1,8.2
Celia Johnson,1,8.0
Celile Toyon Uysal,1,8.3
Cem Yilmaz,1,8.0
Charles Bronson,4,8.025
Charles Chaplin,6,8.333333333333334
Charles Durning,1,8.3
Charles Fleischer,1,7.7
Charles Laughton,2,8.15
Charles Martin Smith,1,7.9
Charles Ruggles,1,7.8
Charles Vanel,2,8.05
Charley Grapewin,1,8.0
Charlie Cox,1,7.6
Charlie Hunnam,1,7.8
Charlie Pye Jr.,1,7.6
Charlie Sheen,1,8.1
Charlie Yeung,1,7.7
Charlize Theron,2,7.949999999999999
Charlotte Rampling,1,7.7
Charlton Heston,4,8.0
Chase Ellison,1,7.6
Chazz Palminteri,2,8.15
Chen Chang,1,7.8
Chete Lera,1,7.7
Chiara Mastroianni,1,8.0
Chico Marx,2,7.85
Chief Dan George,1,7.8
Chieko Baishô,1,8.2
Chieko Higashiyama,1,8.2
Chika Sakamoto,1,8.2
Chishû Ryû,1,8.2
Chiwetel Ejiofor,4,7.9
Chloë Grace Moretz,3,7.766666666666667
Cho Jin-woong,1,8.1
Cho Yeo-jeong,1,8.6
Choi Min-sik,2,8.1
Choi Woo-sik,1,8.6
Chris Cooper,3,7.8
Chris Elliott,1,8.0
Chris Evans,6,7.8999999999999995
Chris Hemsworth,3,8.133333333333333
Chris O'Donnell,1,8.0
Chris Owen,1,7.8
Chris Penn,1,8.3
Chris Pine,3,7.733333333333333
Chris Pratt,3,7.766666666666667
Chris Renaud,1,7.6
Chris Sanders,1,8.1
Chris Sarandon,2,8.0
Chris Williams,2,7.699999999999999
Christian Bale,11,8.045454545454545
Christian Berkel,1,7.7
Christian Friedel,1,7.8
Christian Slater,2,7.800000000000001
Christina Hendricks,1,7.7
Christine Hargreaves,1,8.1
Christoph Waltz,1,8.4
Christopher Adamson,1,7.8
Christopher Carley,1,8.1
Christopher Eccleston,2,7.6
Christopher Guest,1,7.9
Christopher Heyerdahl,1,8.0
Christopher Lloyd,3,8.0
Christopher Mintz-Plasse,1,8.1
Christopher Plummer,6,7.866666666666666
Christopher Reeve,1,7.8
Christopher Rivera,1,7.6
Christopher Walken,3,7.966666666666666
Chulpan Khamatova,1,7.7
Ciarán Hinds,2,8.05
Cillian Murphy,1,7.6
Claire Bloom,1,7.9
Claire Danes,1,7.6
Claire Maurier,1,8.1
Claire Rushbrook,1,8.0
Claire Trevor,1,7.8
Clark Gable,2,8.1
Claude Rains,4,8.05
Claudette Colbert,1,8.1
Claudia Cardinale,3,8.200000000000001
Cleavon Little,1,7.7
Clifton Powell,1,7.7
Clifton Webb,1,8.0
Clint Eastwood,12,7.958333333333333
Clive Owen,4,7.85
Coleen Gray,1,8.0
Colin Clive,2,7.8
Colin Farrell,2,7.75
Colin Firth,3,8.0
Colm Feore,1,7.7
Connie Nielsen,1,8.5
Conrad Veidt,1,8.1
Corey Feldman,2,7.949999999999999
Corey Hawkins,1,7.8
Cori Gonzalez-Macuer,1,7.7
Craig Bierko,1,8.0
Craig Ferguson,1,7.8
Craig Parkinson,1,7.7
Craig T. Nelson,2,7.8
Crispin Glover,2,8.05
Cuba Gooding Jr.,2,7.75
Cuifen Cao,1,8.1
Curt Bois,1,8.0
Cybill Shepherd,2,8.15
Cyril Cusack,1,7.9
Dafne Keen,1,8.1
Daisuke Ryû,1,8.2
Daisy Ridley,1,7.9
Dakota Fanning,3,7.7
Dakota Johnson,1,7.6
Dalia Hernández,1,7.8
Damian Chapa,1,8.0
Dan Aykroyd,2,7.85
Dan Hedaya,1,7.6
Dan Hicks,1,7.8
Dan Riba,1,7.8
Dana Andrews,2,8.0
Dana Wynter,1,7.7
Danai Gurira,1,7.6
Daniel Boulanger,1,7.8
Daniel Brühl,2,7.9
Daniel Craig,4,7.85
Daniel Day-Lewis,4,7.975
Daniel Giménez Cacho,1,7.6
Daniel Kaluuya,1,7.7
Daniel Mays,1,8.3
Daniel Prévost,1,7.7
Daniel Radcliffe,6,7.766666666666667
Daniel Richter,1,8.3
Daniel Stern,1,7.6
Danielle Proulx,1,7.9
Danny Aiello,3,8.066666666666666
Danny Denzongpa,1,8.0
Danny Elfman,1,8.0
Danny Glover,3,7.666666666666667
Danny Huston,1,7.6
Danny Lee,1,7.8
Danny Lloyd,1,8.4
Dara Singh,1,7.9
Darren McGavin,1,7.9
Darryl F. Zanuck,1,7.8
Darsheel Safary,1,8.4
Daryl Hannah,2,8.05
Darío Grandinetti,2,8.0
Dave Bautista,2,7.8
Dave Goelz,1,7.7
Dave Johns,1,7.9
Daveigh Chase,1,8.6
David Carradine,2,8.05
David Della Rocco,1,7.8
David Emge,1,7.9
David Hand,1,7.7
David Hemmings,1,7.6
David Herman,1,7.7
David James,1,7.9
David Lee Smith,1,7.9
David Morse,2,8.3
David Rawle,1,8.1
David Silverman,1,8.1
David Thewlis,2,7.8
David Tomlinson,1,7.8
David Wenham,1,7.6
David Zucker,1,7.7
Davor Dujmovic,1,8.2
DeForest Kelley,1,7.7
Dean Martin,1,8.0
Dean Stockwell,1,8.1
Dean-Charles Chapman,1,8.3
Debbie Reynolds,1,8.3
Deborah Kara Unger,2,7.699999999999999
Deborah Kerr,2,7.699999999999999
Debra Messing,1,7.6
Dee Wallace,1,7.8
Del Negro,1,7.9
Delphine Seyrig,1,7.9
Delroy Lindo,1,7.7
Demet Akbag,2,8.05
Demi Moore,1,7.7
Denholm Elliott,1,8.2
Deniz Baysal,1,8.3
Dennis Farina,1,8.3
Dennis Hopper,2,7.800000000000001
Dennis Price,1,8.0
Dennis Quaid,1,7.8
Denzel Washington,9,7.711111111111112
Derek Jacobi,2,7.85
Dev Patel,2,8.0
Dexter Fletcher,1,8.2
Dharmendra,1,8.2
Diahnne Abbott,1,7.8
Diane Keaton,6,8.233333333333333
Diane Kruger,3,7.933333333333334
Diane Ladd,1,7.8
Diane Venora,1,7.8
Dianne Wiest,3,7.833333333333333
Dibyendu Bhattacharya,1,8.0
Dick Hogan,1,8.0
Dick Van Dyke,1,7.8
Dick York,1,8.1
Diego Cortina Autrey,1,7.7
Diego Luna,1,7.8
Diego Starosta,1,8.1
Diljit Dosanjh,1,7.8
Disha Patani,1,7.8
Dita Parlo,1,8.1
Djimon Hounsou,2,7.85
Doga Zeynep Doguslu,1,7.6
Dolly Ahluwalia,1,7.8
Dolores Moran,1,7.8
Domhnall Gleeson,4,7.85
Dominic West,2,7.699999999999999
Dominique Blanchar,1,7.9
Dominique McElligott,1,7.9
Dominique Pinon,2,7.6
Don Cheadle,2,7.9
Don Gordon,1,8.0
Don Hall,1,7.6
Don Rickles,2,7.95
Don Taylor,1,8.0
Donald O'Connor,1,8.3
Donald Pleasence,1,7.7
Donald Sutherland,3,7.766666666666667
Donatas Banionis,1,8.1
Donna Murphy,1,7.7
Donna Reed,2,8.1
Donnie Yen,2,7.9
Donny Alamsyah,1,7.6
Dorian Gray,1,8.1
Dorothy Comingore,1,8.3
Dorothy Duffy,1,7.7
Dorsey Wright,1,7.6
Doug McKeon,1,7.6
Douglas Booth,1,7.8
Drew Barrymore,1,7.8
Duane Jones,1,7.9
Dustin Hoffman,6,7.916666666666667
Dwight Yoakam,1,8.0
Dylan Baker,1,7.7
Ed Harris,6,7.833333333333333
Ed Helms,1,7.7
Ed Skrein,1,8.0
Eddie Albert,1,8.0
Eddie Murphy,2,7.699999999999999
Eddie Redmayne,2,7.75
Edgar Ramírez,1,8.0
Edmond O'Brien,2,8.0
Edmund Goulding,1,7.9
Edmund Gwenn,1,7.9
Edna Purviance,1,8.3
Edoardo Leo,1,7.8
Eduard Abalov,1,8.1
Eduardo Noriega,1,7.7
Edward Arnold,1,8.1
Edward Asner,1,8.2
Edward Burns,1,8.6
Edward Fox,1,7.8
Edward Furlong,2,8.5
Edward G. Robinson,3,8.0
Edward James Olmos,1,8.1
Edward Norton,7,7.971428571428571
Efrem Zimbalist Jr.,1,7.8
Ege Tanman,1,8.3
Eiji Okada,1,7.9
Eijirô Tôno,1,8.2
Eiko Masuyama,1,7.7
Eileen Walsh,1,7.7
Eiza González,1,7.6
Eleanor Bron,1,7.7
Eleanor David,1,8.1
Eleanor Parker,1,8.0
Elena Altieri,1,8.3
Elena Anaya,1,7.6
Elena Lyadova,1,7.6
Eli Marienthal,1,8.0
Eli Roth,1,8.3
Eli Wallach,2,8.25
Elijah Smith,1,7.9
Elijah Wood,3,8.799999999999999
Elisabeth Shue,1,7.6
Elissa Knight,1,8.4
Elit Iscan,1,7.6
Eliza Scanlen,1,7.8
Elizabeth Banks,1,7.7
Elizabeth Berridge,1,8.3
Elizabeth Berrington,1,7.9
Elizabeth McGovern,1,8.4
Elizabeth Taylor,3,7.866666666666667
Ellar Coltrane,1,7.9
Ellen Burstyn,2,8.15
Ellen Crawford,1,7.9
Ellen DeGeneres,1,8.1
Ellen Widmann,1,8.3
Elliot Page,1,8.8
Elliott Gould,1,7.6
Elmo Nüganen,1,8.2
Elpidia Carrillo,1,7.8
Elsa Lanchester,2,8.1
Elya Baskin,1,7.7
Emeric Pressburger,1,8.1
Emi Shinohara,1,7.9
Emile Hirsch,2,7.85
Emilia Fox,1,8.5
Emilio Echevarría,1,8.1
Emilio Estevez,1,7.8
Emily Blunt,2,7.75
Emily Mortimer,2,7.8999999999999995
Emily Watson,1,7.8
Emma Stone,3,7.866666666666667
Emma Thompson,2,7.699999999999999
Emma Watson,7,7.828571428571428
Emmanuel Affadzi,1,7.7
Emmanuelle Riva,2,7.9
Emmanuelle Seigner,2,7.8
Emmy Rossum,1,7.9
Enrique Castillo,1,8.0
Enrique Rambal,1,8.1
Enzo Cannavale,1,8.5
Enzo Staiola,1,8.3
Enzo Tarascio,1,8.0
Erdem Can,2,8.2
Eric Bana,2,7.9
Eric Baugin,1,7.8
Eric Idle,1,8.2
Eric Radomski,1,7.8
Eric Schweig,1,7.7
Eric Sykes,1,7.7
Erich von Stroheim,2,8.25
Ernest B. Schoedsack,1,7.9
Ernest Borgnine,2,7.800000000000001
Ernst Jacobi,1,7.8
Errol Flynn,1,7.9
Erwin Connelly,1,8.2
Ethan Coen,6,7.816666666666666
Ethan Hawke,9,7.888888888888889
Eugene Silvain,1,8.1
Eun-ju Lee,1,8.1
Eva Green,1,8.0
Eva Marie Saint,1,8.3
Evan McGuire,1,7.6
Evan Rachel Wood,1,7.9
Evgeniy Zharikov,1,8.1
Ewa Fröling,1,7.8
Ewan McGregor,3,7.933333333333334
Ewen Bremner,1,8.1
Ezra Miller,1,8.0
F. Murray Abraham,2,8.2
Famke Janssen,1,7.8
Farhan Akhtar,2,8.149999999999999
Farida Jalal,1,8.1
Farley Granger,2,7.95
Fatima Sana Shaikh,1,8.4
Fay Wray,1,7.9
Faye Dunaway,3,8.0
Faye Wong,1,8.1
Fele Martínez,1,7.7
Felicity Jones,2,7.75
Felix Bressart,1,8.2
Fengyi Zhang,1,8.1
Ferdia Walsh-Peelo,1,7.9
Fernanda Montenegro,1,8.0
Fernando Rey,2,7.800000000000001
Fikret Kuskan,1,8.3
Filip Berg,1,7.7
Filip Sovagovic,1,7.9
Filipp Yankovskiy,1,8.1
Fionn Whitehead,1,7.8
Fionnula Flanagan,2,7.85
Florence Lee,1,8.5
Florence Pugh,1,7.8
Florian Lukas,1,7.7
Florijan Ajdini,1,8.1
Folco Lulli,1,8.1
Ford Beebe Jr.,1,7.7
Forest Whitaker,2,7.800000000000001
Franca Marzi,1,8.1
Frances Conroy,1,8.5
Frances McDormand,5,7.92
Frances Sternhagen,1,7.8
Francine Racette,1,8.0
Francis Capra,1,7.8
Francis Huster,1,7.7
Frank Adu,1,7.7
Frank Finlay,1,8.5
Frank Giering,1,7.6
Frank Langella,1,7.7
Frank Lovejoy,1,8.0
Frank Morgan,1,8.1
Frank Overton,1,8.2
Frank Oz,1,7.6
Frank Paur,1,7.8
Frank Sinatra,1,7.9
Frank Vincent,1,8.2
Franka Potente,4,7.7
Frantz Turner,1,8.0
Franz Rogowski,1,7.6
François Berléand,1,7.9
François Cluzet,1,8.5
François Périer,2,8.1
François Truffaut,1,7.6
Fred MacMurray,2,8.3
Fred Willard,1,8.4
Frederic Forrest,2,8.1
Frederick Lau,2,7.6
Fredric March,2,8.05
Freida Pinto,1,8.0
Friedrich Feher,1,8.1
Frédérique Feder,1,8.1
Gabriel Byrne,2,8.1
Gabriele Ferzetti,1,7.9
Gabrielle Anwar,1,8.0
Gael García Bernal,4,7.975
Gajraj Rao,1,8.0
Garrett M. Brown,1,7.6
Gary Busey,1,7.6
Gary Cooper,1,7.9
Gary Farmer,1,7.6
Gary Lockwood,1,8.3
Gary Oldman,6,7.983333333333333
Gary Sinise,2,8.2
Gary Stretch,1,7.6
Gaspard Manesse,1,8.0
Gaspard Ulliel,1,7.6
Gastone Moschin,1,8.0
Gastón Pauls,1,7.9
Gattlin Griffith,1,7.7
Gayatri Joshi,1,8.2
Gaylen Ross,1,7.9
Geert Van Rampelberg,1,7.7
Gemma Jones,1,7.7
Gena Rowlands,3,7.866666666666667
Gene Bervoets,1,7.7
Gene Hackman,6,7.816666666666666
Gene Kelly,3,8.233333333333334
Gene Lockhart,2,7.9
Gene Tierney,1,8.0
Gene Wilder,3,7.833333333333333
Geneviève Page,1,7.7
Geoffrey Arend,1,7.7
Geoffrey Rush,4,7.875
George C. Scott,3,8.1
George Clooney,4,7.75
George Cukor,2,8.05
George Harrison,1,7.6
George Kennedy,1,8.1
George MacKay,2,8.100000000000001
George Macready,2,8.05
George O'Brien,1,8.1
George Peppard,1,7.6
George Raft,1,8.2
George Sanders,2,8.149999999999999
George Segal,1,8.0
Georges Adet,1,7.7
Georges Siatidis,1,7.9
Gerald R. Molen,1,8.0
Geraldine Chaplin,1,8.0
Gerard Butler,3,7.833333333333333
Gerard Hendrick,1,7.8
Gerardo Taracena,1,7.8
Gerd Oswald,1,7.8
Gerry Robert Byrne,1,8.3
Gert Fröbe,1,7.7
Gian Maria Volontè,2,8.15
Gil Birmingham,1,7.6
Gillian Anderson,1,7.7
Gina Torres,1,7.8
Ginnifer Goodwin,2,7.9
Giorgi Nakashidze,1,8.2
Giorgio Cantarini,1,8.6
Giovanni Ribisi,1,7.7
Giulietta Masina,2,8.05
Giuseppe Battiston,1,7.8
Giustino Durano,1,8.6
Gladys George,1,8.0
Glen Cavender,1,8.1
Glen Hansard,1,7.8
Glenn Ford,1,7.7
Gloria Grahame,1,8.0
Gloria Stuart,1,7.7
Gloria Swanson,1,8.4
Glynis Johns,1,7.8
Godfrey Tearle,1,7.6
Golshifteh Farahani,1,8.0
Gong Li,2,8.1
Gore Vidal,1,7.8
Gorô Naya,1,8.1
Goya Toledo,1,8.1
Grace Kelly,3,8.166666666666666
Graciela Tenenbaum,1,7.9
Gracy Singh,2,8.1
Graham Chapman,2,8.149999999999999
Graham Greene,2,7.8
Graham Norton,1,8.1
Greg Cruttwell,1,7.8
Greg Grunberg,1,7.6
Greg Kinnear,2,7.75
Gregory Peck,3,7.966666666666666
Greta Schröder,1,7.9
Griffin Dunne,1,7.7
Grigoriy Aleksandrov,1,8.0
Groucho Marx,2,7.85
Guillaume Canet,2,7.65
Gunnar Björnstrand,3,8.166666666666666
Gunnel Lindblom,1,8.1
Gustaf Skarsgård,1,7.8
Gustav Fröhlich,1,8.3
Gustav von Wangenheim,1,7.9
Guy Decomble,1,8.1
Guy Pearce,3,8.133333333333333
Guylaine Schlumberger,1,8.0
Gwen Eckhaus,1,7.7
Gwilym Lee,1,8.0
Gwyneth Paltrow,2,7.75
Gérard Jugnot,1,7.9
Günes Sensoy,1,7.6
Güven Kiraç,1,7.9
Haaz Sleiman,1,7.6
Hailee Steinfeld,1,7.6
Haing S. Ngor,1,7.8
Haley Joel Osment,1,8.1
Halina Gryglaszewska,1,7.8
Halina Reijn,1,7.7
Haluk Bilginer,1,8.1
Halvar Björk,1,8.2
Hanno Pöschl,1,8.1
Hardy Krüger,1,8.1
Harold Ramis,1,7.8
Harpo Marx,2,7.85
Harriet Andersson,2,8.05
Harrison Ford,8,8.2625
Harry Connick Jr.,1,8.0
Harry Crocker,1,8.1
Harry Dean Stanton,1,8.1
Harry Guardino,1,7.7
Harry Myers,1,8.5
Harshaali Malhotra,1,8.0
Hartley Power,1,8.0
Haru Kuroki,1,8.1
Haruo Tanaka,1,8.3
Harvey Keitel,2,8.100000000000001
Harvey Korman,1,7.7
Haya Harareet,1,8.1
Hayley Squires,1,7.9
Heath Ledger,2,8.35
Hector Elizondo,1,7.7
Hee Jae,1,8.0
Hee-won Kim,1,7.8
Helen Hunt,2,7.75
Helena Bonham Carter,1,8.0
Helena Rojo,1,7.9
Helmut Griem,1,7.8
Helmut Qualtinger,1,7.7
Hemendra Dandotiya,1,8.2
Henning Moritzen,1,8.0
Henri Serre,1,7.8
Henri-Jacques Huet,1,7.8
Henrik Dahl,1,7.9
Henrik Lundström,1,7.8
Henry Bergman,2,8.35
Henry Cavill,1,7.7
Henry Fonda,4,8.275
Henry Thomas,1,7.8
Henry Travers,2,7.75
Herb Edelman,1,7.7
Herbert Grönemeyer,1,8.3
Herbert Knaup,1,7.6
Herbert Lom,1,7.7
Hiam Abbass,1,7.6
Hideaki Anno,1,7.8
Hidetoshi Nishijima,1,7.8
Hilary Swank,1,8.1
Hiromasa Yonebayashi,1,7.7
Hiroyuki Okiura,1,7.9
Hisako Kyôda,1,8.1
Hitoshi Takagi,1,8.2
Ho-jin Chun,1,7.8
Holly Hunter,2,7.8
Holmes Osborne,1,8.0
Honor Blackman,1,7.7
Horacio Salinas,1,7.9
Howard Da Silva,1,7.9
Hrithik Roshan,1,8.1
Hubert Koundé,1,8.1
Hubertus Bengsch,1,8.3
Huck Milner,1,7.6
Hudhail Al-Amir,1,7.8
Hugh Bonneville,1,7.8
Hugh Grant,1,7.8
Hugh Jackman,4,8.15
Hugh Marlowe,1,7.7
Hugh Walsh,1,7.8
Hugh Welchman,1,7.8
Hugo Silva,1,7.6
Hugo Weaving,1,8.2
Humphrey Bogart,9,7.955555555555555
Husnija Hasimovic,1,8.2
Hye-ja Kim,1,7.8
Hyeong-jin Kong,1,8.1
Hyuk-ho Kwon,1,8.0
Hümeyra,1,8.3
Iain Rea,1,7.8
Ian Hart,1,7.7
Ian Hendry,1,7.7
Ian Holm,1,7.7
Ian McKellen,7,8.214285714285714
Ida Engvoll,1,7.7
Iemasa Kayumi,1,8.0
Ignat Daniltsev,1,8.1
Iko Uwais,2,7.8
Ileana D'Cruz,1,8.1
Ilker Kizmaz,1,8.0
Imelda Staunton,1,7.8
In-mun Kim,1,8.0
Indraneil Sengupta,1,8.1
Inge Landgut,1,8.3
Ingrid Bergman,3,8.200000000000001
Ingrid Thulin,2,8.149999999999999
Irandhir Santos,1,8.0
Irene Miracle,1,7.6
Irene Papas,1,8.2
Irrfan Khan,4,8.025
Irving Metzman,1,7.7
Irène Jacob,2,7.949999999999999
Isa Danieli,1,8.5
Isaac Hayes,1,7.7
Isabella Rossellini,1,7.7
Isabelle Adjani,1,7.7
Isabelle Huppert,1,7.9
Ismail Hacioglu,1,8.4
Issey Takahashi,1,7.9
Isuzu Yamada,1,8.1
Ivan Bobrov,1,8.0
Ivan Dobronravov,1,8.0
Ivan Lapikov,1,8.1
Ivana Baquero,1,8.2
Izabela Vidovic,1,8.0
J. Mackye Gruber,1,7.6
J.D. Cannon,1,8.1
J.K. Simmons,3,8.233333333333333
J.T. Walsh,1,8.0
JB Blanc,1,7.8
Jack Albertson,1,7.8
Jack Benny,1,8.2
Jack Carson,2,8.0
Jack Hawkins,4,8.05
Jack Kehoe,1,7.7
Jack Lemmon,5,7.9799999999999995
Jack McBrayer,1,7.7
Jack Nicholson,6,8.183333333333334
Jack Oakie,1,8.4
Jack Reynor,1,7.9
Jack Thibeau,1,7.6
Jack Warden,3,7.866666666666667
Jacki Weaver,1,7.7
Jackie Coogan,1,8.3
Jackie Earle Haley,1,7.6
Jackie Gleason,1,8.0
Jacob Tremblay,2,8.05
Jacqueline Andere,1,8.1
Jacques Villeret,1,7.7
Jaden Smith,1,8.0
Jae Head,1,7.6
Jae-ho Song,1,8.1
Jake Gyllenhaal,7,7.828571428571428
Jake Johnson,1,8.4
James Booth,1,7.7
James Caan,3,8.333333333333334
James Cagney,1,8.1
James Coburn,2,7.75
James Cromwell,1,7.9
James Dean,3,7.733333333333333
James Doohan,1,7.7
James Earl Jones,1,8.5
James Fleet,1,7.6
James Garner,2,8.0
James Gleason,1,8.0
James Laurenson,1,8.1
James Marsden,2,7.85
James Mason,2,8.0
James McAvoy,4,7.775
James Rebhorn,2,7.9
James Remar,1,7.6
James Stewart,10,8.14
James Woods,2,8.3
Jamie Bell,1,7.7
Jamie Chung,1,7.8
Jamie Draven,1,7.7
Jamie Foxx,4,7.95
Jamie Lee Curtis,2,7.800000000000001
Jan Cornet,1,7.6
Jan Josef Liefers,1,8.0
Jan Pinkava,1,8.0
Jan Sterling,1,8.1
Jane Adams,1,7.7
Jane Alexander,1,7.8
Jane Darwell,1,8.0
Jane Fonda,1,7.6
Jane Galloway Heitz,1,8.0
Jane Greer,1,8.0
Jane Lynch,1,7.7
Jane Wyman,1,7.9
Janelle Monáe,1,7.8
Janet Gaynor,1,8.1
Janet Leigh,3,8.133333333333333
Jang Dong-Gun,1,8.1
Janine Darcey,1,8.2
Janusz Gajos,1,7.6
Jared Bush,1,8.0
Jared Gilman,1,7.8
Jared Leto,4,7.925
Jason Bateman,1,8.0
Jason Cope,1,7.9
Jason Flemyng,1,8.2
Jason Lee,1,8.0
Jason London,1,7.6
Jason Mitchell,1,7.8
Jason Patric,1,7.6
Jason Robards,2,8.25
Jason Schwartzman,3,7.933333333333334
Jason Segel,1,7.6
Jason Statham,2,8.25
Javier Bardem,3,7.933333333333334
Javier Cámara,1,7.9
Jay Baruchel,3,8.0
Jay C. Flippen,1,8.0
Jaya Bachchan,1,8.0
Je-mun Yun,1,7.8
Jean Arthur,1,8.1
Jean Dujardin,1,7.9
Jean Gabin,1,8.1
Jean Heywood,1,7.7
Jean Martin,1,8.1
Jean Reno,1,8.5
Jean Seberg,1,7.8
Jean Servais,1,8.2
Jean Simmons,1,7.9
Jean Sorel,1,7.7
Jean Topart,1,7.8
Jean-Baptiste Maunier,1,7.9
Jean-Claude Donda,1,7.8
Jean-Louis Trintignant,3,8.0
Jean-Marc Barr,1,7.8
Jean-Paul Belmondo,1,7.8
Jean-Pierre Jeunet,1,7.6
Jean-Pierre Lorit,1,8.1
Jean-Pierre Léaud,1,8.1
Jeanne Bates,1,7.9
Jeanne Moreau,1,7.8
Jeff Anderson,1,7.7
Jeff Bridges,7,7.785714285714286
Jeff Cohen,1,7.8
Jeff Daniels,1,7.7
Jeff Garlin,1,8.4
Jeff Goldblum,1,8.1
Jeffrey Ho,1,8.2
Jeffrey Hunter,1,7.9
Jeffrey Jones,1,7.8
Jeffrey Wright,1,8.0
Jemaine Clement,1,7.7
Jena Malone,1,8.0
Jennifer Aniston,2,7.85
Jennifer Connelly,5,7.94
Jennifer Drake,1,7.8
Jennifer Garner,1,8.0
Jennifer Jason Leigh,2,7.75
Jennifer Lawrence,2,7.7
Jennifer Lien,1,8.5
Jennifer Morrison,1,8.2
Jennifer Saunders,1,7.7
Jennifer Ulrich,1,7.6
Jeon Gook-Hwan,1,7.8
Jeremy Irons,2,8.05
Jeremy Renner,3,7.866666666666667
Jeremy Strong,2,7.8
Jerome Flynn,1,7.8
Jerry Lewis,1,7.8
Jerry Nelson,1,7.6
Jerry O'Connell,1,8.1
Jerry Zucker,1,7.7
Jerzy Stuhr,1,7.6
Jesse Borrego,1,8.0
Jesse Corti,1,8.0
Jesse Eisenberg,2,7.65
Jessica Biel,1,7.6
Jessica Chastain,2,8.3
Jessica Lange,2,7.95
Jessica Tandy,2,7.7
Jessie Royce Landis,1,8.3
Jet Li,2,7.75
Ji-Eun Lim,1,7.6
Jim Backus,1,7.7
Jim Carrey,2,8.2
Jim Caviezel,2,7.699999999999999
Jim Henson,1,7.6
Jim Kelly,1,7.7
Jim Sturgess,1,7.8
Jim Varney,1,8.3
Jimmy Sheirgill,2,8.05
Jin Goo,1,7.8
Jin-mo Joo,1,8.0
Jingwu Ma,1,8.1
Jinpachi Nezu,2,8.1
Jo Hartley,1,7.7
Jo Van Fleet,1,7.7
Joan Allen,3,7.933333333333334
Joan Chen,1,7.7
Joan Crawford,1,8.1
Joan Cusack,1,8.2
Joan Fontaine,1,8.1
Joan Greenwood,1,8.0
Joanna Cassidy,1,7.7
Joanne Dru,1,7.8
Joaquin Phoenix,5,8.18
Jodi Benson,1,7.6
Jodie Foster,4,8.025
Joe Keaton,1,8.2
Joe Pantoliano,1,8.4
Joe Pesci,6,8.033333333333333
Joe Russo,4,8.075
Joel Basman,1,7.8
Joel Coen,2,7.85
Joel Edgerton,1,8.2
Joel Grey,1,7.8
Johan Heldenbergh,1,7.7
Johanna ter Steege,1,7.7
John Belushi,1,7.9
John Billingsley,1,7.9
John Boles,1,7.8
John Boyega,1,7.9
John Buckwalter,1,7.7
John C. Reilly,1,7.7
John Cameron Mitchell,1,7.7
John Candy,2,7.75
John Carradine,2,7.9
John Cassavetes,2,7.85
John Castle,2,7.75
John Cazale,3,7.966666666666666
John Cho,1,7.6
John Cleese,2,8.149999999999999
John Cusack,1,7.7
John Dall,1,8.0
John Fiedler,2,8.35
John Fraser,1,7.7
John Gallagher Jr.,1,8.0
John Gavin,1,8.5
John Getz,1,7.6
John Gielgud,2,8.05
John Goodman,5,7.9
John Haycraft,1,7.8
John Heard,1,7.6
John Hillerman,1,8.1
John Hodgman,1,7.7
John Hodiak,1,7.6
John Hubley,1,7.6
John Hurt,3,8.033333333333333
John Huston,1,8.1
John Leguizamo,1,7.9
John Lennon,1,7.6
John Lone,1,7.7
John Lurie,1,7.8
John Mahoney,1,7.7
John Malkovich,3,7.733333333333333
John Matthews,1,8.0
John McGiver,1,7.8
John Megna,1,8.2
John Musker,3,7.733333333333333
John Payne,1,7.9
John Rafter Lee,1,7.7
John Randolph,1,7.7
John Ratzenberger,1,8.2
John Rhys-Davies,1,8.4
John Ridgely,1,7.9
John Ritter,1,8.0
John Roselius,1,7.6
John Savage,1,8.1
John Saxon,1,7.7
John Sharian,1,7.7
John Travolta,1,8.9
John Turturro,3,7.7
John Wayne,6,7.883333333333333
John Williams,1,8.2
John Wray,1,8.0
Johnny Depp,9,7.7333333333333325
Johnny Sekka,1,8.2
Jon Bernthal,3,7.766666666666666
Jon Hamm,1,7.6
Jon Lovitz,1,7.7
Jon Voight,3,7.8999999999999995
Jonah Hill,2,7.8999999999999995
Jonathan Pryce,1,7.9
Jonathan Rhys Meyers,1,7.6
Jong-ho Kim,1,8.0
Jonny Lee Miller,1,8.1
Jordan Nagai,1,8.2
Jose Coronado,2,7.85
Josef Altin,1,7.6
Joseph A. Carpenter,1,8.0
Joseph Calleia,2,7.85
Joseph Cotten,3,8.066666666666666
Joseph Fiennes,1,7.6
Joseph Gordon-Levitt,4,7.925
Joseph Lee,1,7.6
Joseph Melito,1,8.0
Joseph Schildkraut,1,8.1
Josh Brolin,6,7.766666666666667
Josh Charles,1,8.1
Josh Hartnett,2,7.7
Josh Lucas,1,7.6
Josh O'Connor,1,7.7
José Baviera,1,8.1
José Lewgoy,1,8.1
Joséphine Lebas-Joly,1,7.6
Joyce Carey,1,8.0
Juan Ferrara,1,7.9
Judd Hirsch,1,7.7
Judd Nelson,1,7.8
Jude Law,3,7.666666666666667
Judi Dench,3,7.766666666666667
Judith Anderson,1,8.1
Judith O'Dea,1,7.9
Judy Davis,1,7.7
Julia Greer,1,7.9
Julia Jones,1,7.7
Julia Ormond,1,7.8
Julia Roberts,2,7.85
Julia Stiles,1,8.0
Julian Arahanga,1,7.9
Julian Dennison,2,7.800000000000001
Julian Sands,1,7.8
Juliane Köhler,1,8.2
Julianne Moore,6,7.8999999999999995
Julianne Nicholson,1,8.0
Julie Andrews,2,7.9
Julie Christie,3,7.766666666666667
Julie Delpy,5,7.92
Julie Hagerty,1,7.7
Julie Harris,1,7.9
Julie Kavner,1,7.8
Julie Walters,1,7.7
Juliette Binoche,1,7.9
Juliette Lewis,1,7.8
Juliette Mayniel,1,7.7
Jun Ji-Hyun,1,8.0
June Squibb,1,7.7
Jung-woo Ha,2,7.949999999999999
Junko Iwao,1,8.0
Justin Bartha,1,7.7
Justin Braine,1,7.7
Justin Henry,1,7.8
Justin Theroux,2,7.75
Justin Timberlake,1,7.7
Justine Waddell,1,7.9
Jyoti Malshe,1,8.3
Jürgen Prochnow,1,8.3
Jürgen Vogel,1,7.6
Jüri Järvet,1,8.1
Ka Tung Lam,1,8.0
Kad Merad,1,7.9
Kagiso Kuypers,1,8.0
Kaitlyn Dever,1,8.0
Kajol,2,8.05
Kalina Jedrusik,1,7.8
Kalki Koechlin,1,8.0
Kamatari Fujiwara,1,8.1
Kang Hye-jeong,1,8.4
Kang-ho Song,4,8.025
Kangana Ranaut,1,8.2
Kappei Yamaguchi,1,7.8
Kara Hayward,1,7.8
Kareena Kapoor,3,7.8999999999999995
Karen Allen,1,8.4
Karen Morley,1,7.8
Kari Sylwan,1,8.1
Karina Arroyave,1,7.7
Karisma Kapoor,1,8.2
Karl Hardman,1,7.9
Karl Malden,3,8.0
Karlheinz Böhm,1,7.7
Kasi Lemmons,1,8.6
Kassie Wesley DePaiva,1,7.8
Kasumi Arimura,1,7.7
Kate Ashfield,1,7.9
Kate Hudson,1,7.9
Kate Mara,1,8.0
Kate Winslet,5,7.8
Katharine Hepburn,6,7.783333333333334
Katharine Houghton,1,7.8
Katharine Ross,2,8.0
Katherine Helmond,1,7.9
Kathryn McGuire,1,8.2
Kathy Bates,4,7.75
Katie A. Keane,1,8.0
Katrin Cartlidge,2,7.8
Katrin Saß,1,7.7
Katrina Kaif,1,8.1
Katsunosuke Hori,1,7.7
Kawsar Al Haddad,1,8.4
Kay Kay Menon,1,8.1
Kayoko Kishimoto,1,7.8
Kazuko Yoshiyuki,1,8.1
Kazunari Ninomiya,1,7.9
Kazuya Tsurumaki,1,8.1
Keanu Reeves,1,8.7
Keenan Wynn,1,8.4
Keiju Kobayashi,1,8.1
Keiko Tsushima,1,8.6
Keiko Yokozawa,1,8.0
Keir Dullea,1,8.3
Keira Knightley,4,7.9
Keith David,2,8.1
Kelsey Asbille,1,7.7
Kemp Powers,1,8.1
Ken Foree,1,7.9
Ken Leung,1,7.6
Ken Stott,1,7.8
Ken Watanabe,4,8.15
Ken'ichi Hagiwara,1,8.0
Ken'ichi Matsuyama,1,7.7
Kenneth Branagh,1,7.7
Kenshô Ono,1,8.1
Keri Russell,1,7.6
Kermit the Frog,1,7.7
Kerry Washington,3,7.933333333333334
Kevin Bacon,6,7.7
Kevin Costner,4,7.925
Kevin Jarre,1,7.8
Kevin McCarthy,1,7.7
Kevin McKidd,1,8.1
Kevin Peter Hall,1,7.8
Kevin Spacey,5,8.3
Ki-duk Kim,1,8.0
Kiara Advani,1,7.8
Kiefer Sutherland,1,7.6
Kim Basinger,1,8.2
Kim Byeong-Ok,1,8.4
Kim Greist,1,7.9
Kim Hunter,2,8.0
Kim Min-hee,1,8.1
Kim Novak,1,8.3
Kim Sang-kyung,1,8.1
Kim Tae-Woo,1,7.8
Kim Uylenbroek,1,7.9
Kim Yoon-seok,1,7.8
Kim Young-Min,1,8.0
Kimberly Stringer,1,7.9
King Donovan,1,7.7
Kirin Kiki,1,7.9
Kirk Acevedo,1,7.6
Kirk Douglas,4,8.1
Kirk Wise,1,8.0
Kirron Kher,1,7.8
Kirsten Dunst,1,7.8
Kirsten Sheridan,1,7.9
Kirti Kulhari,1,8.1
Kishori Ballal,1,8.2
Kiyoshi Kobayashi,1,7.7
Klaus Kinski,2,8.0
Klaus Wennemann,1,8.3
Kodi Smit-McPhee,1,7.6
Kong Chu,1,7.8
Konkona Sen Sharma,1,8.2
Konstantin Lavronenko,1,8.0
Kotoe Hatsui,1,8.0
Koyu Rankin,1,7.9
Kristen Wiig,1,8.0
Kristina Adolphson,1,8.1
Kumud Mishra,2,7.85
Kurt Fuller,1,7.7
Kurt Russell,4,7.85
Kyle Chandler,1,7.8
Kyle MacLachlan,1,7.7
Kyung-jin Lee,1,8.4
Kyôko Kagawa,1,8.4
Kátia Lund,1,8.6
Kåre Hedebrant,1,7.9
Kôichi Yamadera,2,7.95
Lady Gaga,1,7.6
Laia Costa,1,7.6
Laila Robins,1,7.6
Lamberto Maggiorani,1,8.3
Lance Henriksen,1,7.6
Lari White,1,7.8
Larry Gates,1,7.7
Lars Ranthe,1,7.8
Lasse Fogelstrøm,1,8.3
Laura Dern,4,7.825
Laura Harring,1,7.9
Laura Linney,2,7.9
Laura Obiols,2,7.95
Laura Vasiliu,1,7.9
Lauren Bacall,4,7.875
Lauren Ridloff,1,7.8
Laurence Fishburne,2,8.25
Laurence Harvey,1,7.9
Laurence Olivier,3,8.0
Lawrence A. Bonney,1,8.6
Lazar Ristovski,1,8.1
Lea Massari,1,7.9
Lea Thompson,2,8.15
Leandro Firmino,1,8.6
Lee Byung-Hun,2,7.8
Lee Grant,1,7.9
Lee J. Cobb,3,8.366666666666667
Lee Marvin,2,7.9
Lee Pace,1,7.9
Lee Remick,1,8.0
Lee Sun-kyun,1,8.6
Lee Unkrich,3,8.033333333333333
Lee Van Cleef,2,8.55
Lee Yeong-ae,1,7.8
Leigh Whannell,1,7.6
Leila Hatami,1,8.3
Leila Hyams,1,7.9
Leland Orser,1,7.8
Leland Palmer,1,7.9
Lembit Ulfsak,1,8.2
Lena Endre,1,7.8
Lena Headey,1,7.6
Lena Nyman,1,8.2
Leo G. Carroll,1,7.9
Leo McKern,1,7.7
Leon Lai,1,7.7
Leonard Frey,1,8.0
Leonard Nimoy,2,7.800000000000001
Leonardo DiCaprio,11,8.127272727272727
Leonie Benesch,1,7.8
Leonor Watling,1,7.9
Lesley Sharp,1,7.8
Leslie Cheung,1,8.1
Leslie Nielsen,1,7.6
Leslie Odom Jr.,1,8.6
Lew Ayres,1,8.0
Lewis Black,1,8.1
Li Sun,1,7.6
Liam Aiken,1,7.7
Liam Cunningham,1,7.7
Liam Neeson,4,8.15
Lianella Carell,1,8.3
Liesel Matthews,1,7.7
Liev Schreiber,2,7.85
Lil Dagover,1,8.1
Lillete Dubey,1,7.8
Lillian Gish,1,8.0
Lillo Brancato,1,7.8
Lilly Wachowski,1,8.7
Lily Franky,1,7.9
Lin-Manuel Miranda,1,8.6
Lina Leandersson,1,7.9
Linda Blair,1,8.0
Linda Cardellini,1,8.2
Linda Hamilton,2,8.25
Linda Larkin,1,8.0
Linda Manz,1,7.8
Linda Zilliacus,1,7.8
Lindsay Duncan,1,7.6
Linh Dan Pham,1,7.8
Lionel Barrymore,2,8.2
Lisa Hannigan,1,8.1
Lisa Haydon,1,8.2
Lisa Spoonauer,1,7.7
Lisanne Falk,1,7.8
Liubomiras Laucevicius,1,8.3
Liv Ullmann,3,8.133333333333333
Liza Minnelli,1,7.8
Ljubica Adzovic,1,8.2
Lloyd Avery II,1,7.8
Lloyd Bridges,1,7.9
Logan Lerman,2,7.85
Lola Dueñas,1,8.0
Lorelei Linklater,1,7.8
Lorella Cravotta,1,8.3
Lori Martin,1,7.7
Lorraine Bracco,1,8.7
Lorraine Gary,1,8.0
Lou Romano,1,8.0
Louis Calhern,1,7.9
Louis Eppolito,1,7.6
Louis Hofmann,1,7.8
Louis Prima,1,7.6
Louis Wolheim,1,8.0
Louise Fletcher,1,8.7
Louise Lemoine Torrès,1,8.1
Loveleen Tandan,1,8.0
Lubna Azabal,1,8.3
Lucas Hedges,1,7.8
Lucie Mannheim,1,7.6
Lucy Boynton,1,8.0
Lucy Davis,1,7.9
Lucy Liu,2,7.7
Luis Guzmán,1,7.9
Luis Tosar,1,7.6
Luke Bracey,1,8.1
Luàna Bajrami,1,8.1
Lydia Wilson,1,7.8
Lyubov Agapova,1,7.8
Léa Seydoux,1,7.7
Mabel Rivera,1,8.0
Macaulay Culkin,1,7.6
Macdonald Carey,1,7.8
Machiko Kyô,1,8.2
Mack Swain,1,8.2
Mackenzie Foy,2,8.15
Madeleine Carroll,1,7.6
Madeleine Stowe,2,7.85
Madeline Carroll,1,7.7
Madeline Kahn,2,8.05
Madhavan,3,8.466666666666667
Mads Mikkelsen,4,7.9
Mae Clarke,1,7.8
Magali Noël,1,7.9
Maggie Cheung,2,8.0
Maggie Grace,1,7.8
Maggie Smith,1,7.6
Magnus Millang,1,7.8
Mahershala Ali,1,8.2
Mahesh Manjrekar,1,8.1
Mahie Gill,2,8.1
Mahito Tsujimura,1,8.1
Makio Inoue,1,7.7
Malcolm McDowell,1,8.3
Malin Akerman,1,7.6
Mamaengaroa Kerr-Bell,1,7.9
Mami Koyama,1,8.0
Mandy Moore,1,7.7
Mandy Patinkin,1,8.0
Manjot Singh,1,8.2
Manoj Bajpayee,2,8.1
Manuel Morón,1,7.6
Mara Krupp,1,8.3
Marc-André Grondin,1,7.9
Marcel Dalio,1,8.0
Marcello Mastroianni,2,8.0
Marcia Gay Harden,2,7.9
Marco Giallini,1,7.8
Mare Winningham,1,7.6
Margaret Avery,1,7.8
Margaret Livingston,1,8.1
Margaret Lockwood,1,7.8
Margaret Sullavan,1,8.1
Margaret Wycherly,1,8.1
Margaretha Krook,1,8.1
Margarita Terekhova,1,8.1
Margot Robbie,2,7.8999999999999995
Maria Doyle Kennedy,1,7.9
Maria Falconetti,1,8.1
Maria Grazia Cucinotta,1,7.7
Maria Monti,1,7.6
Marianne Koch,1,8.0
Maribel Verdú,2,7.8999999999999995
Marie-Josée Croze,1,8.0
Marie-Laure Dougnac,1,7.6
Mariel Hemingway,1,7.9
Marilyn Eastman,1,7.9
Marilyn Ghigliotti,1,7.7
Marilyn Monroe,1,8.2
Marina Vasileva,1,7.6
Marina de Tavira,1,7.7
Mario Casas,1,8.1
Marion Cotillard,3,7.633333333333333
Marion Mack,1,8.1
Marisa Berenson,1,8.1
Marisa Paredes,2,7.699999999999999
Marisa Tomei,2,7.75
Marius Goring,1,8.1
Marjane Satrapi,1,8.0
Mark Boone Junior,1,8.4
Mark Hamill,3,8.533333333333333
Mark Margolis,1,7.9
Mark Ruffalo,7,8.042857142857143
Mark Rydell,1,7.6
Mark Rylance,2,7.699999999999999
Mark Strong,1,7.6
Mark Wahlberg,3,8.066666666666666
Markus Rygaard,1,7.6
Markéta Irglová,1,7.8
Marlene Dietrich,2,8.3
Marlon Brando,4,8.425
Marlon Wayans,1,8.3
Martha Vickers,1,7.9
Martin Balsam,3,8.200000000000001
Martin Freeman,3,7.8
Martin Landau,2,7.85
Martin Milner,1,8.0
Martin Sheen,3,8.1
Martin Stringer,1,8.2
Martina Gedeck,1,8.4
Marty Feldman,1,8.0
Mary Astor,1,8.0
Mary Elizabeth Mastrantonio,1,8.3
Mary Kay Bergman,1,7.7
Mary McDonnell,2,8.0
Mary Steenburgen,2,7.9
Mary Stuart Masterson,1,7.7
Mary Tyler Moore,1,7.7
Mary Ure,1,7.7
Mary-Louise Parker,1,7.7
Maryana Spivak,1,7.6
María Marull,1,8.1
María Mercedes Villagra,1,7.9
Marília Pêra,1,8.0
Masaaki Ôkura,1,8.0
Masahiko Nishimura,1,7.8
Masahiro Motoki,1,8.1
Masaki Okada,1,7.8
Masayuki Mori,1,8.2
Massimo Troisi,2,7.7
Matheus Nachtergaele,1,8.6
Mathieu Amalric,2,8.05
Mathieu Kassovitz,1,8.3
Matt Damon,11,8.009090909090908
Matt Stone,1,7.7
Matthew Broderick,3,8.033333333333333
Matthew Edison,1,7.7
Matthew Goode,2,7.8
Matthew Macfadyen,1,7.8
Matthew McConaughey,6,8.0
Matthew Modine,1,8.3
Matvey Novikov,1,7.6
Maureen O'Hara,2,7.800000000000001
Maureen O'Sullivan,1,8.0
Maurice Evans,1,8.0
Maurice Schutz,1,8.1
Max Phipps,1,7.6
Max Riemelt,1,7.6
Max Schreck,1,7.9
Max von Sydow,4,7.975
Maxim Gaudette,1,8.3
Maxine Audley,1,7.7
May Whitty,1,7.8
Mayu Matsuoka,1,7.9
Mayumi Izuka,1,7.6
Mayumi Tanaka,1,8.0
Mckenna Grace,1,7.6
Meat Loaf,1,8.8
Meena,1,8.3
Meg Ryan,1,7.6
Megs Jenkins,1,7.8
Megumi Hayashibara,2,7.9
Megumi Ogata,1,8.1
Mehdi Nebbou,1,7.8
Mel Gibson,3,7.833333333333333
Melinda Dillon,2,7.75
Melisa Sözen,1,8.1
Melissa Benoist,1,8.5
Melissa Leo,2,7.949999999999999
Melora Walters,1,7.6
Melvyn Douglas,2,7.85
Mercedes Morán,1,7.8
Merila Zare'i,1,8.0
Merna Kennedy,1,8.1
Mervyn LeRoy,1,8.0
Meryl Streep,4,7.75
Mete Horozoglu,1,8.0
Mia Farrow,4,7.825
Mia Sara,1,7.8
Michael Ansara,1,8.2
Michael B. Jordan,2,7.6
Michael Bates,1,8.3
Michael Beck,1,7.6
Michael Berryman,1,8.7
Michael Biehn,2,8.15
Michael Caine,9,8.077777777777778
Michael Clarke Duncan,1,8.6
Michael Douglas,2,7.699999999999999
Michael Ealy,1,7.6
Michael Fassbender,2,7.9
Michael Gambon,2,7.85
Michael J. Fox,2,8.15
Michael J. Pollard,1,7.8
Michael Keaton,2,7.9
Michael Kenneth Williams,1,8.1
Michael Lee Gogin,1,7.6
Michael Madsen,4,8.025
Michael McKean,2,7.75
Michael Murphy,1,7.9
Michael Nyqvist,1,7.8
Michael Palin,1,8.1
Michael Peña,1,7.6
Michael Preston,1,7.6
Michael Redgrave,2,7.8
Michael Rennie,1,7.7
Michael Schwartz,1,7.6
Michael Sheen,1,7.7
Michael Strong,1,7.9
Michael Stuhlbarg,2,7.9
Michael York,1,7.8
Michel Auclair,1,7.8
Michel Côté,1,7.9
Michel Piccoli,1,7.7
Michel Robin,1,7.8
Michelle Dockery,1,7.8
Michelle La,1,7.6
Michelle Monaghan,1,7.6
Michelle Pfeiffer,2,8.0
Michelle Reis,1,7.7
Michelle Rodriguez,1,7.8
Michelle Williams,3,7.7
Michelle Yeoh,1,7.8
Michèle Caucheteux,1,7.8
Mick Lally,1,7.6
Mickey Rourke,2,7.95
Miguel Ángel Fuentes,1,8.1
Mikael Persbrandt,1,7.6
Mike Myers,1,7.8
Mike Vitar,1,7.8
Miki Imai,1,7.6
Mikkel Boe Følsgaard,1,7.8
Mila Kunis,1,8.0
Mila Parély,1,8.0
Miles Teller,2,8.05
Milhem Cortaz,2,8.0
Milla Jovovich,1,7.7
Mina Sadati,1,7.8
Minami Takayama,1,7.8
Ming-Na Wen,1,7.6
Minori Terada,1,8.0
Minoru Chiaki,2,8.1
Miori Takimoto,1,7.8
Mirai Shida,1,7.6
Miranda Richardson,1,7.7
Miriam Shor,1,7.7
Mirjana Jokovic,1,8.1
Misa Uehara,1,8.1
Misha Meskhi,1,8.2
Miss Piggy,1,7.7
Mitchell Ryan,1,7.6
Mitchell Whitfield,1,7.6
Mithun Chakraborty,1,8.1
Mitsuo Iwata,1,8.0
Mitsutaka Itakura,1,7.7
Miyu Irino,2,8.35
Mohammad Amir Naji,1,8.3
Mohanlal,1,8.3
Mohit Raina,1,8.2
Moira Shearer,2,7.9
Molly Picon,1,8.0
Molly Ringwald,1,7.8
Mona Singh,1,8.4
Mone Kamishiraishi,1,8.4
Monica Viegas,1,7.8
Monica Vitti,1,7.9
Montgomery Clift,2,7.699999999999999
Moon So-Ri,1,8.1
Morena Baccarin,2,7.85
Morgan Freeman,7,8.185714285714285
Moritz Bleibtreu,3,7.766666666666667
Muhammet Uzuner,1,7.9
Mustafa Kamel,1,8.3
Myrna Loy,2,8.0
Mélanie Laurent,1,8.3
Mélanie Thierry,1,8.1
Mélissa Désormeaux-Poulin,1,8.3
Mía Maestro,1,7.8
Mónica Villa,1,8.1
Nafise Jafar-Mohammadi,1,8.3
Nakul Roshan Sahdev,1,8.0
Nanako Matsushima,1,7.7
Nancy Kyes,1,7.7
Nancy Olson,1,8.4
Naomi Watts,3,7.7
Naomie Harris,2,7.65
Nargis Fakhri,1,7.7
Naseeruddin Shah,1,8.1
Nastassja Kinski,1,8.1
Nat Pendleton,1,8.0
Nat Wolff,1,7.7
Natalie Dessay,1,7.7
Natalie Portman,3,8.233333333333333
Natalie Wood,1,7.7
Nataliya Vdovina,1,8.0
Natalya Bondarchuk,1,8.1
Nathalie Boltt,1,7.9
Nathalie Delon,1,8.1
Nathan Fillion,1,7.8
Nawazuddin Siddiqui,4,8.025
Ned Beatty,2,7.949999999999999
Neena Gupta,1,8.0
Neeraj Kabi,1,8.2
Neeral Mulchandani,1,7.7
Neil Brown Jr.,1,7.8
Neil Patrick Harris,1,8.1
Nell Cattrysse,1,7.7
Nicholas Hoult,1,8.1
Nick Frost,2,7.85
Nick Moran,1,8.2
Nick Nolte,2,7.8999999999999995
Nick Offerman,1,7.7
Nicolas Bro,1,7.8
Nicolas Cage,3,7.633333333333333
Nicole Kidman,3,7.866666666666667
Nicoletta Braschi,2,8.2
Niels Arestrup,1,7.9
Nigel Havers,1,7.7
Nikolay Burlyaev,1,8.1
Nikolay Grinko,2,8.149999999999999
Nikolay Sergeev,1,8.1
Nils Poppe,1,8.2
Nimrat Kaur,2,7.9
Nina Petri,1,7.6
Nina van Pallandt,1,7.6
Nisa Sofiya Aksongur,1,8.3
Noah Emmerich,1,8.1
Nobuo Kaneko,1,8.3
Noomi Rapace,1,7.8
Nora Gregor,1,8.0
Nora Twomey,1,7.6
Nora-Jane Noone,1,7.7
Noriko Hidaka,1,8.2
Norma Crane,1,8.0
Norman Ferguson,1,7.7
Norman Reedus,1,7.8
Norman Taurog,1,8.0
Nozomu Sasaki,1,8.0
Noémie Merlant,1,8.1
Nurgül Yesilçay,1,7.8
Nursel Köse,1,7.8
O'Shea Jackson Jr.,1,7.8
O.J. Simpson,1,7.6
Octavia Spencer,3,7.8
Oka Antara,1,8.0
Oksana Akinshina,1,7.8
Oleg Yankovskiy,1,8.1
Olga Baclanova,1,7.9
Olga Mironova,1,8.3
Oliver Reed,1,8.5
Oliver Stokowski,1,7.7
Olivia Cooke,2,7.75
Olivia Wilde,1,8.1
Olivia Williams,2,7.9
Olivia de Havilland,1,7.9
Omar Sharif,1,8.0
Omar Sy,1,8.5
Oprah Winfrey,1,7.8
Orlando Bloom,4,8.6
Orson Welles,3,8.133333333333333
Orto Ignatiussen,1,7.7
Osamu Saka,1,7.9
Oscar Isaac,2,7.800000000000001
Oskar Werner,1,7.8
Ossie Davis,1,8.0
Otto Preminger,1,8.0
Otto Sander,1,8.0
Otto Wernicke,1,8.3
Owen Wilson,2,7.85
Ozan Güven,1,8.0
Pablo Rago,1,8.2
Paddy Considine,3,7.7
Paige O'Hara,1,8.0
Pamela Adlon,1,7.7
Paolo Bonacelli,1,7.6
Paprika Steen,2,7.9
Parambrata Chattopadhyay,1,8.1
Paresh Rawal,4,8.274999999999999
Pascal Benezech,1,7.6
Pascal Greggory,1,7.6
Patricia Arquette,4,7.8
Patricia Clarkson,1,7.6
Patricia Neal,2,7.65
Patrick Fugit,1,7.9
Patrick Horgan,1,7.7
Patrick Huard,1,8.1
Patrick Magee,2,8.2
Patrick McGoohan,2,7.95
Patrick Renna,1,7.8
Patrick Stewart,2,8.0
Patrick Wilson,1,7.6
Patrick Wymark,1,7.7
Patton Oswalt,1,8.0
Paul Benjamin,1,7.6
Paul Bettany,1,8.0
Paul Dano,1,8.2
Paul Frankeur,1,7.9
Paul Freeman,1,8.4
Paul Giamatti,2,7.8
Paul Henreid,1,8.5
Paul Lukas,1,7.8
Paul McCartney,1,7.6
Paul McGann,1,7.7
Paul Meurisse,1,8.0
Paul Muni,1,7.8
Paul Newman,6,8.016666666666667
Paul Raci,1,7.8
Paul Reiser,2,8.4
Paul Rudd,1,8.0
Paul Sanchez,1,7.8
Paul Scofield,1,7.7
Paul Winfield,1,8.0
Paulette Dubost,1,8.0
Paulette Goddard,2,8.45
Pauline Burlet,1,7.8
Pavel Ponomaryov,1,7.8
Pawan Malhotra,1,8.2
Payman Maadi,1,8.3
Penelope Allen,1,8.0
Penelope Ann Miller,1,7.9
Penélope Cruz,2,7.65
Per Ragnar,1,7.9
Pernilla Allwin,1,8.1
Perry Lopez,1,8.1
Pete Postlethwaite,1,8.1
Peter Billingsley,1,7.9
Peter Boyle,1,8.0
Peter Brocco,1,8.7
Peter Bull,1,7.7
Peter Coyote,1,7.8
Peter Dinklage,1,7.6
Peter Finch,1,8.1
Peter Lorre,2,8.15
Peter O'Toole,3,7.966666666666668
Peter Ostrum,1,7.8
Peter Ramsey,1,8.4
Peter Sellers,3,8.033333333333333
Peter Stormare,1,8.0
Peter Wyngarde,1,7.8
Peter van Eyck,1,8.1
Phil Harris,1,7.6
Phil Lord,1,7.7
Philip Chan,1,7.8
Philip King,1,8.1
Philip Seymour Hoffman,6,7.766666666666667
Philippe Noiret,2,8.1
Phillip Terry,1,7.9
Phillipa Soo,1,8.6
Phylicia Rashad,1,7.6
Phyllis Logan,1,8.0
Pierre Barbaud,1,7.9
Pierre Brasseur,1,7.7
Pierre Fresnay,1,8.1
Ping Lam Siu,1,8.1
Piper Laurie,1,8.0
Polly Bergen,1,7.7
Porter Hall,1,8.1
Prabhas,2,8.1
Prakash Belawadi,1,8.0
Prateik,1,8.2
Predrag 'Miki' Manojlovic,1,8.1
Preity Zinta,3,7.966666666666666
Priscilla Lane,1,8.0
Priscilla Presley,1,7.6
Priya Anand,1,7.8
Priyanka Chopra,1,8.1
Pruitt Taylor Vince,1,8.1
Pupella Maggio,1,7.9
Pushkar,1,8.4
Qiu Yuen,1,7.7
Quentin Tarantino,1,8.0
Quinton Aaron,1,7.6
R. Lee Ermey,1,8.3
RJ Cyler,1,7.7
Rachel Griffiths,1,7.6
Rachel House,1,7.9
Rachel McAdams,6,7.783333333333334
Rachel Shelley,1,8.1
Rachel Ticotin,1,7.6
Rachel Weisz,1,7.6
Radha Mitchell,2,7.65
Radhika Apte,1,8.3
Raghuvir Yadav,1,8.1
Rajat Barmecha,1,8.2
Rajat Kapoor,1,8.2
Rajesh Abhay,1,8.2
Rajesh Khanna,1,8.4
Rajit Kapoor,1,7.8
Rajkummar Rao,2,7.949999999999999
Ralph Bellamy,1,7.9
Ralph Brown,1,7.7
Ralph Fiennes,3,8.266666666666667
Ralph Macchio,1,7.6
Ralph Meeker,1,8.4
Ralph Richardson,1,7.6
Ram Kapoor,1,8.2
Ramachandra Raju,1,8.2
Ramesh Deo,1,8.4
Rami Malek,1,8.0
Ramon Bieri,1,7.8
Ramya Krishnan,1,8.0
Rana Daggubati,3,8.066666666666666
Ranbir Kapoor,2,7.9
Randy Quaid,1,7.7
Rani Mukerji,2,8.0
Ranveer Singh,1,8.0
Raoul Max Trujillo,1,7.8
Raphael Fejtö,1,8.0
Rashida Jones,1,8.2
Raveena Tandon,1,8.2
Ray Liotta,1,8.7
Ray Milland,2,8.05
Ray Sahetapy,1,7.6
Ray Walston,1,8.3
Raymond Massey,2,7.95
Rebecca De Mornay,1,7.7
Reda Kateb,1,7.9
Reese Witherspoon,1,7.8
Regina King,1,7.7
Reginald Gardiner,1,8.4
Reginald VelJohnson,1,8.2
Rei Sakuma,1,7.8
Ren Osugi,1,7.8
Rena Owen,1,7.9
Rene Auberjonois,1,7.6
Rene Bitorajac,1,7.9
Rene Russo,1,7.9
Reni Santoni,1,7.7
Renée Elise Goldsberry,1,8.6
Renée Zellweger,1,8.0
Rex Harrison,1,7.8
Rhonda Fleming,1,8.0
Rica Matsumoto,1,8.0
Ricardo Darín,2,8.05
Ricardo Montalban,1,7.6
Rich Moore,1,8.0
Richa Chadha,1,8.2
Richard Armitage,2,7.8
Richard Attenborough,2,8.149999999999999
Richard Basehart,1,8.0
Richard Briers,1,7.6
Richard Burton,2,7.85
Richard Crenna,2,7.75
Richard Dormer,1,8.0
Richard Dreyfuss,2,7.8
Richard E. Grant,1,7.7
Richard Edson,1,8.0
Richard Farnsworth,2,7.9
Richard Gere,3,7.866666666666667
Richard Griffiths,2,7.800000000000001
Richard Harris,2,7.8999999999999995
Richard Haydn,1,8.0
Richard Hunt,1,7.6
Richard Jenkins,1,7.6
Richard Masur,1,8.1
Richard Rosson,1,7.8
Richard Thorpe,1,8.0
Richard Widmark,1,8.2
Ricky Adelayitor,1,7.7
Ricky Nelson,1,8.0
Riisa Naka,1,7.7
Rima Te Wiata,1,7.9
Ringo Starr,1,7.6
Rita Hayworth,1,7.7
River Phoenix,1,8.1
Riz Ahmed,2,7.85
Rob Maxey,1,7.7
Rob Minkoff,1,8.5
Rob Reiner,1,7.9
Robby Benson,1,8.0
Robert Armstrong,1,7.9
Robert Arthur,1,8.1
Robert Cummings,1,8.2
Robert De Niro,17,8.117647058823529
Robert Donat,1,7.6
Robert Downey Jr.,7,7.971428571428571
Robert Duvall,4,8.275
Robert Gulaczyk,1,7.8
Robert Hays,1,7.7
Robert Manuel,1,8.2
Robert Mitchum,3,7.8999999999999995
Robert Morley,1,7.7
Robert Patrick,2,8.15
Robert Redford,3,8.066666666666668
Robert Rodriguez,1,8.0
Robert Ryan,1,7.9
Robert Sean Leonard,1,8.1
Robert Shaw,4,7.925000000000001
Robert Stack,1,8.2
Robert Strauss,1,8.0
Robert Walker,1,7.9
Roberta Maxwell,1,7.7
Roberto Benigni,2,8.2
Roberts Blossom,1,7.6
Robin Williams,4,8.05
Robin Wright,3,8.133333333333333
Rock Hudson,1,7.6
Rod Steiger,4,7.9
Rod Taylor,1,7.7
Roddy McDowall,1,8.0
Rodney A. Grant,1,8.0
Rodney Rothman,1,8.4
Rodrigo De la Serna,1,7.8
Roe-ha Kim,1,8.1
Rohini Hattangadi,1,8.0
Roland Møller,1,7.8
Rolf Lassgård,2,7.7
Roman Griffin Davis,1,7.9
Roman Madyanov,1,7.6
Roman Polanski,1,7.7
Romolo Valli,1,7.6
Ron Livingston,1,7.7
Ronit Roy,1,8.2
Ronnie Del Carmen,1,8.1
Ronny Cox,1,7.7
Rooney Mara,4,7.875
Rory Cochrane,1,7.6
Rosalind Russell,1,7.9
Rosamund Pike,1,8.1
Rosanna Arquette,1,7.7
Rosario Dawson,2,7.6
Rosario Flores,1,7.9
Roscoe Ates,1,7.9
Roscoe Karns,1,8.1
Rosemarie DeWitt,1,8.0
Rosemary Murphy,1,8.2
Roshan Seth,1,8.0
Rosie Shaw,1,7.9
Roy Dotrice,1,8.3
Roy Kinnear,1,7.8
Roy Scheider,3,7.866666666666667
Ruby Dee,1,8.0
Rudolf Klein-Rogge,1,8.3
Rudy Youngblood,1,7.8
Rufus,1,8.3
Rufus Sewell,2,7.6
Rumi Hiiragi,1,8.6
Ruocheng Ying,1,7.7
Rupert Friend,1,7.8
Rupert Graves,1,8.2
Rupert Grint,6,7.766666666666667
Russell Brand,1,7.6
Russell Crowe,7,8.028571428571428
Russell Means,1,7.7
Rusty Schwimmer,1,7.7
Rutger Hauer,1,8.1
Ruth Gordon,2,7.95
Ruth Hussey,1,7.9
Ruth Nelson,1,7.8
Ruth Roman,1,7.9
Ruy Guerra,1,7.9
Ryan Gosling,5,7.88
Ryan Hurst,1,7.8
Ryan O'Neal,2,8.1
Ryan Potter,1,7.8
Ryan Reynolds,2,7.85
Ryô Kase,1,7.9
Ryô Narita,1,8.4
Ryôko Hirosue,1,8.1
Ryûnosuke Kamiki,2,8.0
Sabrina Ferilli,1,7.8
Sacha Baron Cohen,1,7.8
Sady Rebbot,1,8.0
Sae-ron Kim,1,7.8
Saeed Jaffrey,1,7.8
Safak Sezer,1,8.0
Sagarika Ghatge,1,8.2
Sahil Vaid,1,7.9
Saif Ali Khan,2,8.05
Saifei He,1,8.1
Sakshi Tanwar,1,8.4
Sakura Andô,1,7.9
Sal Mineo,1,7.7
Salim Kechiouche,1,7.7
Sally Field,1,8.8
Sally Hawkins,1,7.8
Sally Yeh,1,7.8
Salman Khan,2,8.1
Sam Elliott,2,7.699999999999999
Sam Jaffe,1,7.7
Sam Neill,2,8.0
Sam Riley,1,7.7
Sam Rockwell,3,7.933333333333334
Sam Shepard,2,7.8
Sam Waterston,1,7.8
Sam Wood,1,8.1
Sam Worthington,2,7.949999999999999
Samantha Isler,1,7.9
Samantha Morton,4,7.65
Samia Kerbash,1,8.1
Samuel Armstrong,1,7.7
Samuel E. Wright,1,7.6
Samuel L. Jackson,6,7.95
Sandra Bernhard,1,7.8
Sandra Bullock,3,7.666666666666667
Sandra Milo,1,8.0
Sandy Dennis,1,8.0
Sanjana Sanghi,1,7.9
Sanjay Dutt,3,8.1
Sanjeev Kumar,1,8.2
Sanya Malhotra,2,8.2
Saoirse Ronan,2,7.8
Saori Hayami,1,8.1
Sara Takatsuki,1,7.7
Sarah Berry,1,7.8
Sarah Bolger,1,7.7
Sarah Jessica Parker,1,7.8
Sarah Miles,1,7.6
Sarah Polley,1,7.8
Sarah Roemer,1,8.1
Sarah Silverman,1,7.7
Sarah Vowell,1,7.6
Sareh Bayat,1,8.3
Saswata Chatterjee,1,7.9
Sathyaraj,1,8.0
Saurabh Shukla,2,8.05
Saïd Taghmaoui,1,8.1
Scarlett Johansson,9,7.8999999999999995
Scatman Crothers,1,8.4
Scott Adsit,1,7.8
Scott Glenn,2,7.75
Scott H. Reiniger,1,7.9
Scott Schwartz,1,7.9
Scott Weinger,1,8.0
Seamus Davey-Fitzpatrick,1,7.9
Sean Astin,1,7.8
Sean Bean,1,8.8
Sean Bridgers,1,8.1
Sean Connery,5,7.859999999999999
Sean Patrick Flanery,1,7.8
Sean Penn,6,7.75
Sean Young,1,8.1
Sebastian Cabot,1,7.6
Sebastian Koch,2,8.05
Sebastian Maniscalco,1,8.2
Sela Ward,1,7.8
Sener Sen,1,8.2
Sergi López,1,8.2
Sermin Hürmeriç,1,8.2
Sessue Hayakawa,1,8.1
Seth Rogen,1,7.6
Setsuko Hara,1,8.2
Seung-Yun Lee,1,8.0
Seymour Cassel,1,7.7
Shah Rukh Khan,6,8.049999999999999
Shahab Hosseini,3,8.033333333333333
Shahid Kapoor,3,7.933333333333334
Shailene Woodley,1,7.7
Shameik Moore,1,8.4
Shammi Kapoor,1,7.7
Sharlto Copley,1,7.9
Sharman Joshi,2,8.3
Sharon Percy,1,7.9
Sharon Stone,1,8.2
Sheetal Menon,1,8.0
Shelley Duvall,1,8.4
Shelley Winters,1,8.0
Shernaz Patel,1,8.2
Shigeru Muroi,1,7.9
Shigesato Itoi,1,8.2
Shilpa Shukla,1,8.2
Shima Iwashita,1,8.6
Shin Ha-kyun,1,7.6
Shin'ichi Himori,1,8.3
Shinpachi Tsuji,1,8.0
Shirley Eaton,1,7.7
Shirley MacLaine,2,8.15
Shishir Sharma,1,7.8
Shraddha Kapoor,2,8.149999999999999
Shraddha Srinath,1,8.4
Shriya Saran,1,8.2
Shôgo Furuya,1,7.8
Shûichirô Moriyama,1,7.7
Sibel Kekilli,1,7.9
Siddharth,1,8.2
Sidney Blackmer,1,8.0
Sidney Poitier,2,7.85
Sidse Babett Knudsen,1,7.7
Sienna Miller,1,7.6
Sigourney Weaver,4,8.075
Silvia Pinal,1,8.1
Simon Pegg,4,7.825
Simon Yam,1,8.0
Simone Signoret,1,8.0
Sissy Spacek,2,7.9
Siu-Lung Leung,1,7.7
Siu-Wong Fan,1,8.0
Slavko Stimac,1,8.1
Slim Pickens,1,7.7
Smit Sheth,1,8.2
Soha Ali Khan,1,8.2
Sohum Shah,2,8.25
Soia Lira,1,8.0
Soledad Villamil,1,8.2
Solveig Dommartin,1,8.0
Sonam Kapoor,1,8.2
Sondra Locke,1,7.8
Song Wok-suk,1,8.0
Sonia Todd,1,7.7
Sonoya Mizuno,1,7.7
Sophie Kennedy Clark,1,7.6
Sophie Marceau,1,8.3
Sophie Okonedo,1,8.1
Sophie Perry,1,7.7
Spencer Tracy,3,8.033333333333333
Spike Lee,1,7.7
Srdjan 'Zika' Todorovic,1,8.1
Sridevi,1,7.8
Srinidhi Shetty,1,8.2
Stanislas Carré de Malberg,1,8.0
Stanley Baker,1,7.7
Stanley Holloway,2,7.9
Stefania Sandrelli,1,8.0
Stella Dassas,1,7.9
Stellan Skarsgård,3,7.966666666666666
Stephen Baldwin,1,8.5
Stephen Boyd,1,8.1
Stephen Chow,1,7.7
Stephen Graham,1,7.7
Stephen Rea,1,8.2
Stephen Tobolowsky,1,8.0
Stephen Trask,1,7.7
Stephen Young,1,7.9
Sterling Hayden,3,8.0
Steve Buscemi,1,8.1
Steve Carell,3,7.733333333333333
Steve Coogan,1,7.6
Steve Martin,1,7.6
Steve McQueen,3,7.966666666666666
Steve Zahn,1,8.0
Steven Bauer,1,8.3
Strother Martin,2,8.05
Stuart Wolfenden,1,7.6
Sully Boyar,1,8.0
Sumi Shimamoto,1,8.1
Sumita Sanyal,1,8.4
Sunil Dutt,1,8.1
Sunil Shetty,1,8.2
Sunny Pawar,1,8.0
Suraj Sharma,1,7.9
Suriya,1,8.6
Susan Harrison,1,8.0
Susanne Lothar,1,7.6
Sushant Singh Rajput,4,7.9
Susumu Terajima,1,7.8
Suzanne Clément,1,8.1
Suzanne Pleshette,2,8.15
Sylvester Stallone,3,7.8
Sylvia Hoeks,1,7.8
Sylvia Miles,1,7.8
Sylvie Testud,1,7.6
Sô Yamamura,1,8.2
T.J. Miller,1,8.0
Taapsee Pannu,2,8.05
Tabu,5,8.14
Tae-Hyun Cha,1,8.0
Tae-hoon Kim,1,7.8
Tahar Rahim,2,7.85
Taika Waititi,3,7.766666666666667
Takako Matsu,1,7.8
Takao Osawa,1,8.1
Takashi Shimura,4,8.3
Takashi Tachibana,1,7.9
Takeshi Aono,1,7.9
Takeshi Kaneshiro,2,7.9
Takeshi Kitano,2,7.699999999999999
Takuya Ishida,1,7.7
Takuya Kimura,1,8.2
Talia Shire,2,7.85
Tallulah Bankhead,1,7.6
Tamannaah Bhatia,1,8.2
Taner Birsel,1,7.9
Taraji P. Henson,1,7.8
Taraneh Alidoosti,2,7.9
Taron Egerton,1,7.7
Tarun Arora,1,7.9
Tarô Yamamoto,1,7.6
Tatsuya Fujiwara,3,7.633333333333333
Tatsuya Gashûin,1,8.2
Tatsuya Nakadai,6,8.25
Tatum O'Neal,1,8.1
Telly Savalas,1,7.6
Temuera Morrison,1,7.9
Tensai Okamura,1,7.9
Teo Briones,1,7.7
Terence Alexander,1,7.8
Teresa Mo,1,7.8
Teresa Palmer,1,8.1
Teresa Wright,2,7.9
Teri Garr,1,7.6
Teri Hatcher,1,7.7
Terrence Howard,1,7.9
Terry Gilliam,1,8.1
Terry Jones,1,8.2
Tessa Mitchell,1,7.8
Tessa Thompson,1,7.6
Tesshô Genda,1,8.0
Tetsurô Tanba,1,8.6
Thandie Newton,2,7.85
Thelma Ritter,1,8.4
Theodore Liscinski,1,7.7
Thibault Verhaeghe,1,7.6
Thierry Lhermitte,1,7.7
Thierry van Werveke,1,8.0
Thom Hoffman,1,7.7
Thomas Bo Larsen,3,8.033333333333333
Thomas F. Wilson,1,7.8
Thomas Kretschmann,1,8.5
Thomas Mann,1,7.7
Thomas Mitchell,2,8.25
Thomas Turgoose,1,7.7
Thomasin McKenzie,1,7.9
Thora Birch,1,8.3
Tigmanshu Dhulia,1,8.2
Til Schweiger,1,8.0
Tilda Swinton,2,7.75
Tim Allen,4,8.05
Tim Blake Nelson,1,7.7
Tim Holt,1,8.2
Tim McGraw,1,7.6
Tim Robbins,4,8.125
Tim Roth,2,8.2
Timothy Bottoms,1,8.0
Timothy Hutton,1,7.7
Timothy Spall,1,8.0
Timothée Chalamet,1,7.9
Tina Fey,1,8.1
Tiny Sandford,1,8.5
Tippi Hedren,1,7.7
Tisca Chopra,1,8.4
Tobey Maguire,1,7.6
Toby Kebbell,1,7.6
Tokiko Katô,1,7.7
Tom Berenger,2,7.9
Tom Cruise,7,7.8
Tom Guiry,1,7.8
Tom Hanks,14,8.035714285714286
Tom Hardy,5,8.1
Tom Helmore,1,8.3
Tom Hiddleston,1,7.9
Tom Hulce,1,8.3
Tom Murray,1,8.2
Tom Prior,1,7.7
Tom Sizemore,2,8.15
Tom Skerritt,1,8.4
Tom Waits,1,7.8
Tom Wilkinson,2,7.95
Tommy Chong,1,7.7
Tommy Lee Jones,2,7.949999999999999
Tomoko Yamaguchi,1,7.7
Toni Collette,3,8.0
Toni Servillo,1,7.8
Tony Chiu-Wai Leung,5,7.9799999999999995
Tony Curtis,2,8.1
Tony Hale,1,7.8
Tony Lo Bianco,1,7.7
Tony Moran,1,7.7
Tony Roberts,1,8.0
Tony Todd,1,7.9
Topol,1,8.0
Toshirô Mifune,7,8.242857142857142
Toshirô Yanagiba,1,7.6
Treat Williams,1,8.4
Trevor Howard,2,8.05
Trevor Jack Brooks,1,7.8
Trey Parker,1,7.7
Trine Dyrholm,1,7.6
Tsunehiko Kamijô,1,7.7
Tsutomu Tatsumi,1,8.5
Tsutomu Yamazaki,2,8.05
Tsuyoshi Ihara,1,7.9
Tugba Sunguroglu,1,7.6
Tuncel Kurtiz,1,7.8
Tung Cho 'Joe' Cheung,1,8.1
Tyler Hoechlin,1,7.7
Tyler Perry,1,8.1
Tyrone Power,1,8.4
Tôru Emori,2,7.75
Tôru Furuya,1,7.7
Ugur Yücel,1,8.2
Ulla Jacobsson,1,7.7
Ulrich Matthes,1,8.2
Ulrich Mühe,2,8.0
Ulrich Thomsen,2,7.9
Ulrich Tukur,2,8.1
Uma Thurman,4,8.2
Val Kilmer,3,7.966666666666666
Valentin Zubkov,1,8.1
Valeria Golino,2,8.05
Valerie Faris,1,7.8
Valerie Hobson,2,7.9
Vanessa Redgrave,1,7.6
Vanna Urbino,1,7.8
Varun Sharma,1,8.2
Veerle Baetens,1,7.7
Vera Miles,3,8.166666666666666
Verna Bloom,1,7.7
Vernon Dobtcheff,1,8.1
Veronica Cartwright,1,8.4
Vicellous Shannon,1,7.6
Vicky Jenson,1,7.8
Vicky Kaushal,2,8.0
Victor Buono,1,8.1
Victor Jory,1,8.0
Victor Sjöström,1,8.2
Victor Slezak,1,7.6
Victoria Horne,1,7.9
Vidya Balan,2,8.1
Vidya Malvade,1,8.2
Viggo Mortensen,5,8.26
Vijay Raaz,1,8.0
Vijay Sethupathi,1,8.4
Vijay Varma,1,8.0
Vin Diesel,3,7.866666666666667
Vince Edwards,1,8.0
Vince Vaughn,1,8.1
Vincent Cassel,2,8.05
Vincent D'Onofrio,1,8.3
Vincent Price,1,8.0
Ving Rhames,1,7.7
Vinícius de Oliveira,1,8.0
Viola Davis,2,8.05
Virginia Cherrill,1,8.5
Virginia Mayo,1,8.1
Vivian Pickles,1,7.9
Vivien Leigh,2,8.05
Vlad Ivanov,1,7.9
Vladas Bagdonas,1,8.3
Vladimir Barskiy,1,8.0
Vladimir Garin,1,8.0
Vladimir Vdovichenkov,1,7.6
Vladislav Dvorzhetskiy,1,8.1
Véra Clouzot,1,8.0
Wagner Moura,2,8.0
Wah Yuen,1,7.7
Wallace Ford,2,7.9
Walter Brennan,1,7.8
Walter Catlett,1,7.8
Walter Connolly,1,8.1
Walter Hampden,1,7.7
Walter Huston,1,8.2
Walter Matthau,4,7.825
Walter Slezak,1,7.6
Walton Goggins,1,7.8
Ward Bond,2,7.800000000000001
Warren Beatty,1,7.8
Warren Clarke,1,8.3
Warren Oates,2,7.85
Wendee Lee,1,7.7
Wendell Corey,1,8.4
Wendy Crewson,1,8.1
Wendy Hiller,1,7.7
Werner Krauss,1,8.1
Wes Bentley,1,8.3
Wesley Addy,1,8.1
Whoopi Goldberg,1,7.8
Wil Johnson,1,7.6
Wil Wheaton,1,8.1
Wiley Wiggins,2,7.699999999999999
Wilford Brimley,1,8.1
Wilfrid Hyde-White,1,7.8
Will Ferrell,1,7.7
Will Forte,1,7.7
Will Patton,1,7.8
Will Poulter,1,8.0
Will Smith,2,7.8
Willem Dafoe,5,7.859999999999999
William Atherton,1,7.7
William Bendix,1,7.6
William Daniels,1,8.0
William H. Lynn,1,7.9
William H. Macy,1,8.1
William Harrigan,1,7.7
William Hickey,1,8.0
William Holden,6,8.033333333333333
William Hurt,1,7.6
William Keighley,1,7.9
William Powell,1,8.0
William Sadler,1,9.3
William Shatner,1,7.7
William Sylvester,1,8.3
Winona Ryder,3,7.8999999999999995
Wladyslaw Kowalski,1,7.8
Wolfgang Lukschy,1,8.0
Won Bin,3,7.8999999999999995
Wood Harris,1,7.8
Woody Allen,5,7.840000000000001
Woody Harrelson,3,7.8
Wotan Wilke Möhring,1,7.7
Xolani Mali,1,8.1
Yacef Saadi,1,8.1
Yalitza Aparicio,1,7.7
Yami Gautam,2,8.0
Yash,1,8.2
Yasuo Yamada,1,7.7
Yayan Ruhian,1,8.0
Yeong-hie Seo,1,7.8
Yeong-su Oh,1,8.0
Yesim Salkim,1,8.2
Yilmaz Erdogan,2,7.95
Yoko Honna,2,7.75
Yong Dong,1,7.6
Yoo Ji-Tae,1,8.4
Yoo-Jeong Kim,1,7.8
Yordanos Shiferaw,1,8.4
Yoshiaki Umegaki,1,7.8
Yoshiko Shinohara,1,8.5
Yoshino Kimura,1,7.8
Yoshiyuki Takei,1,7.9
You Ge,1,8.1
Yukiko Shimazaki,1,8.6
Yukito Nishii,2,7.949999999999999
Yul Brynner,2,7.800000000000001
Yun Qu,1,7.6
Yun-Fat Chow,3,7.8
Yuriko Ishida,1,8.4
Yutaka Sada,1,8.4
Yves Montand,1,8.1
Yvonne Furneaux,2,7.85
Yôji Matsuda,1,8.4
Yôko Tsukasa,1,8.2
Yû Kashii,1,7.7
Yûko Miyamura,1,8.1
Yûko Tanaka,1,8.4
Yûnosuke Itô,1,8.1
Zac Mattoon O'Brien,1,7.8
Zach Galifianakis,2,7.7
Zach Grenier,1,8.8
Zachary Levi,1,7.7
Zachary Quinto,2,7.800000000000001
Zack Gottsagen,1,7.6
Zain Al Rafeea,1,8.4
Zamira Saunders,1,7.9
Zarah Jane McKenzie,1,7.9
Zazie Beetz,1,8.5
Zbigniew Zamachowski,2,7.75
Zeppo Marx,1,7.8
Ziyi Zhang,2,7.85
Zoe Saldana,4,7.775
Zooey Deschanel,1,7.7
Zoë Kravitz,1,8.1
Álvaro Guerrero,1,8.1
Çetin Tekindor,2,8.350000000000001
Émile Vallée,1,7.9
Éric Toledano,1,8.5
Ömer Faruk Sorak,1,8.0
Özge Özberk,1,8.0
